895089160	200%	PLAY	악동뮤지션 (AKMU)
895089160	카레	4집 환골탈태 (換骨奪胎)	노라조
895089160	다이나믹듀오-죽일놈	Music	<unknown>
895089160	Kinetic Flow (키네틱 플로우)-몽환의 숲 (feat.이루마)	Music	<unknown>
895089160	Urban Zakapa-봄을 그리다 (Spring picture)	Music	<unknown>
895089160	내가 웃는게 아니야	Music	리쌍
895089160	Lay Me Down (SBS 케이팝스타4 에스더 김 가창 곡)	In The Lonely Hour	Sam Smith
895089160	잘자 (Sleep Tight) (Feat. 길구봉구)	The Sun, The Moon	키썸(Kisum)
895089160	My Heart Is Open (Feat. Gwen Stefani)	V	Maroon 5
895089160	Mirror (From `The Hunger Games : Catching Fire` Soundtrack)	The Hunger Games : Catching Fire (헝거 게임 : 캣칭 파이어 OST)	Ellie Goulding
770275426	Darling	GIRL`S DAY EVERYDAY #4	걸스데이
770275426	뿜뿜	GREAT!	MOMOLAND (모모랜드)
770275426	비행운	LIFE IS BEAUTY FULL	문문 (MoonMoon)
770275426	Paul	23	혁오 (HYUKOH)
770275426	Over the Horizon	Brand Music	Samsung
770275426	Final Descent [Main Track]	ATMOS255 Rock Positiva 2	Louise Bernadette Dowd [PRS],Richard Mark Salmon [PRS]
770275426	피카부 (Peek-A-Boo)	Perfect Velvet - The 2nd Album	Red Velvet (레드벨벳)
770275426	파도	Traveling You	유엔(UN)
770275426	편지(김광진)	Music	김광진
770275426	일심	Unknown Album	컨츄리꼬꼬
769583183	Final Descent [Main Track]	ATMOS255 Rock Positiva 2	Louise Bernadette Dowd [PRS],Richard Mark Salmon [PRS]
769583183	피카부 (Peek-A-Boo)	Perfect Velvet - The 2nd Album	Red Velvet (레드벨벳)
769583183	파도	Traveling You	유엔(UN)
769583183	일심	Unknown Album	컨츄리꼬꼬
769583183	편지(김광진)	Music	김광진
769583183	Beautiful Now	Promo Only Mainstream Radio July 2015	Zedd Feat. Jon Bellion
769583183	k010816co-sh	Download	<unknown>
769583183	Day To Remember [Main Track]	ATMOS255 Rock Positiva 2	Louise Bernadette Dowd [PRS],Michael Holborn [PRS]
769583183	Poison	Invitation	엄정화
769583183	Darling	GIRL`S DAY EVERYDAY #4	걸스데이
815132437	200%	PLAY	악동뮤지션 (AKMU)
815132437	카레	4집 환골탈태 (換骨奪胎)	노라조
815132437	다이나믹듀오-죽일놈	Music	<unknown>
815132437	Kinetic Flow (키네틱 플로우)-몽환의 숲 (feat.이루마)	Music	<unknown>
815132437	Urban Zakapa-봄을 그리다 (Spring picture)	Music	<unknown>
815132437	내가 웃는게 아니야	Music	리쌍
815132437	첫사랑	버스커 버스커 1집	버스커 버스커
815132437	아버지	Music	싸이
815132437	외톨이야	Bluetory	씨앤블루
815132437	My Heart Is Open (Feat. Gwen Stefani)	V	Maroon 5
